SourceID,TargetID,Weight,ActivationFunction
10,23,2.606354,RELU
2,24,1.823533,RELU
2,24,0.847894,RELU
16,18,0.250075,TANH
7,18,3.729240,RELU
20,25,2.818228,SIGMOID
